{
  "center_local": [
    0.030893280687397724,
    -0.007080175941080244,
    0.1702764108019638
  ],
  "normal": [
    0.09957590752807083,
    0.9867566730047033,
    0.1280465029614258
  ],
  "coord_frame": {
    "origin": [
      0.030893280687397724,
      -0.007080175941080244,
      0.1702764108019638
    ],
    "x_axis": [
      0.0,
      -0.1286860767890769,
      0.9916853803705264
    ],
    "y_axis": [
      0.9950299687144911,
      -0.09874797173271528,
      -0.012814032882499342
    ],
    "z_axis": [
      0.09957590752807083,
      0.9867566730047033,
      0.1280465029614258
    ]
  },
  "bounds": {
    "max_radius": 0.004994005743413159,
    "mean_radius": 0.003640910093770277,
    "min_bounds": [
      0.02595,
      -0.00825,
      0.16535
    ],
    "max_bounds": [
      0.03585,
      -0.0037,
      0.1752
    ],
    "dimensions": [
      0.009899999999999999,
      0.00455,
      0.009849999999999998
    ]
  }
}